-- MySQL dump 10.11
--
-- Host: localhost    Database: bdoa
-- ------------------------------------------------------
-- Server version	5.0.67-community-nt

/*!40101 SET @OLD_CHARACTER_SET_CLIENT=@@CHARACTER_SET_CLIENT */;
/*!40101 SET @OLD_CHARACTER_SET_RESULTS=@@CHARACTER_SET_RESULTS */;
/*!40101 SET @OLD_COLLATION_CONNECTION=@@COLLATION_CONNECTION */;
/*!40101 SET NAMES utf8 */;
/*!40103 SET @OLD_TIME_ZONE=@@TIME_ZONE */;
/*!40103 SET TIME_ZONE='+00:00' */;
/*!40014 SET @OLD_UNIQUE_CHECKS=@@UNIQUE_CHECKS, UNIQUE_CHECKS=0 */;
/*!40014 SET @OLD_FOREIGN_KEY_CHECKS=@@FOREIGN_KEY_CHECKS, FOREIGN_KEY_CHECKS=0 */;
/*!40101 SET @OLD_SQL_MODE=@@SQL_MODE, SQL_MODE='NO_AUTO_VALUE_ON_ZERO' */;
/*!40111 SET @OLD_SQL_NOTES=@@SQL_NOTES, SQL_NOTES=0 */;

--
-- Table structure for table `dict`
--

DROP TABLE IF EXISTS `dict`;
SET @saved_cs_client     = @@character_set_client;
SET character_set_client = utf8;
CREATE TABLE `dict` (
  `id` bigint(20) NOT NULL auto_increment,
  `code` varchar(255) default NULL,
  `name` varchar(255) default NULL,
  `remarks` varchar(255) default NULL,
  `parent_Id` bigint(20) default NULL,
  PRIMARY KEY  (`id`),
  UNIQUE KEY `code` (`code`),
  KEY `FK2F0BB61CE89912` (`parent_Id`),
  CONSTRAINT `FK2F0BB61CE89912` FOREIGN KEY (`parent_Id`) REFERENCES `dict` (`id`)
) ENGINE=InnoDB AUTO_INCREMENT=25 DEFAULT CHARSET=utf8;
SET character_set_client = @saved_cs_client;

--
-- Dumping data for table `dict`
--

LOCK TABLES `dict` WRITE;
/*!40000 ALTER TABLE `dict` DISABLE KEYS */;
INSERT INTO `dict` VALUES (1,'industryCategory','商业类别','所有的商业类别的根节点',NULL),(2,'economy','经济类','经济类',1),(3,'engineering','工程类','工程类',1),(4,'computer','网络及计算机类','网络及计算机类',1),(5,'refrigeration','制冷类','制冷类',1),(6,'elevator','电梯','电梯',1),(7,'medical','医疗器械','医疗器械',1),(8,'educationalSoftware','教学软件','教学软件',1),(9,'machines','机械类','机械类',1),(10,'electromechanical','机电类','机电类',1),(11,'kitchenware','炊具类','炊具类',1),(12,'teachingDevice','教学设备','教学设备',1),(13,'landscaping','园林绿化','园林绿化',1),(14,'multimedia','电子数码多媒体','电子数码多媒体',1),(15,'videoDevice','视频监控设备','视频监控设备',1),(16,'environmentalProtection','环保','环保',1),(17,'pipe','钢管水泥管','钢管水泥管',1),(18,'televisionDevice','广电器材','广电器材',1),(19,'fire-fightingEquipment','消防产品','消防产品',1),(20,'chemistry ','化学、薄膜','化学、薄膜',1),(21,'landResources','国土资源','国土资源',1),(22,'logistics','物流','物流',1),(23,'qualityAudit','质量监督','质量监督',1),(24,'sports','体育','体育',1);
/*!40000 ALTER TABLE `dict` ENABLE KEYS */;
UNLOCK TABLES;

--
-- Table structure for table `expert`
--

DROP TABLE IF EXISTS `expert`;
SET @saved_cs_client     = @@character_set_client;
SET character_set_client = utf8;
CREATE TABLE `expert` (
  `id` bigint(20) NOT NULL auto_increment,
  `department` varchar(255) default NULL,
  `name` varchar(255) default NULL,
  `remarks` varchar(255) default NULL,
  `telephone` varchar(255) default NULL,
  `titles` varchar(255) default NULL,
  `category_id` bigint(20) default NULL,
  PRIMARY KEY  (`id`),
  KEY `FKB328EE2AFD2A943E` (`category_id`),
  CONSTRAINT `FKB328EE2AFD2A943E` FOREIGN KEY (`category_id`) REFERENCES `dict` (`id`)
) ENGINE=InnoDB AUTO_INCREMENT=361 DEFAULT CHARSET=utf8;
SET character_set_client = @saved_cs_client;

--
-- Dumping data for table `expert`
--

LOCK TABLES `expert` WRITE;
/*!40000 ALTER TABLE `expert` DISABLE KEYS */;
INSERT INTO `expert` VALUES (3,'市财政局','胡晓华','','8616543  3881836','会计师',2),(4,'市财政局','周福山','','13907257833','经济师',2),(5,'市财政局','占仲堤','','8616543    13907257067','经济师',2),(6,'市财政局','熊  风','','8982221/13907259549','经济师',2),(7,'黄冈市职业技术学院','张世勇','','8873236','高级经济师',2),(8,'市财政局','朱华刚','','13807257876','会计师',2),(9,'黄冈市装饰行业管理办公室','余细年','','8351575（办）  8897187','经济师',2),(10,'黄冈市装饰行业管理办公室','余亚平','','13986533852','经济师',2),(11,'市财政局农财科副科长会计师','李华政','','','会计师',2),(12,'黄冈市二医院','刘国建','','8970119        8812102(办)','会计师',2),(13,'市康复中心','华光明','','13085213655','经济师',2),(14,'文化局','童　勇','','13607256315','会计师',2),(15,'市一医院','杜志祥','','13597556677','高级会计师',2),(16,'黄冈职院','陶志勇','','8874706','高级会计师',2),(17,'建委','舒 鲲','','8985383','会计师',2),(18,'市自来水公司','叶荼珍','','3887599','会计师',2),(19,'财政局','何 剑','','13607258139','会计师',2),(20,'市发改委','王振堂','','8981739/13986567850','经济师',2),(21,'市财政局','叶春生','','8356186','经济师',2),(22,'市文化局','童 勇','','8392096/13607256315','会计师',2),(23,'','廖凯书','','8623704/1337115528','会计师',2),(24,'鄂东职院','陈世辉','','8899531/13871995368/8833818','高级会计师',2),(25,'区财政局','周剑平','','13907257172/8987172','高级会计师',2),(26,'黄冈市中心血站','聂文斌','','13508658925','会计师',2),(27,'市农业局','冯 军','','8981432/13871993077/8364238','',2),(28,'齐安会计事务所','李先宝','','13871995140','',2),(29,'黄冈市建委','毛  新','','8586989/13581238883','会计师',2),(30,'齐安会计事务所','沈桂珍','','8984801/13995948698','会计师',2),(31,'黄冈高级技工学校','易小明','','13986536712','会计师',2),(32,'市农业局','冯军','','13871993077','会计师',2),(33,'财政局经建科','赵永丰','','8385378/15997393342','会计师',2),(34,'黄冈卫生学校','陈明芳','','8109518/13972749199','会计师',2),(35,'市物价局','袁友清','','8388152/13971700177','经济师',2),(36,'黄冈市公安局','曾庆松','','13971703399','经济师',2),(37,'市政府财务科长','吴佑江','','13971701856','',2),(38,'市工商局私营经济科长','熊自能','','','',2),(39,'市贸易局高级会计师','廖阿君','','','',2),(40,'黄冈市水利水电规划设计院','陈霞','水利工程','3889107','高级经济师',2),(41,'市烟草公司','秋艳祥','','8386484/13034491115','经济师',2),(42,'市文化局','童勇','','13607256315','会计师',2),(43,'市中心血站','徐伟','','8353717/13636091858','经济师',2),(44,'黄冈市财政局','付登舟','建筑工程类','13607255905','预算工程师 ',3),(45,'黄冈市职业技术学院','李兴怀','','','二级建筑师',3),(46,'黄冈市职业技术学院','刘晓敏','','','一级建筑师',3),(47,'市建筑设计院','何应堂','建筑工程类','8988432','高级工程师',3),(48,'永安会计事务所','吴  海','建筑工程类','8666579/13508658490','工程师',3),(49,'永安会计事务所','王松林','建筑工程类','8666579/13508658475','工程师',3),(50,'建筑设计院','朱桂林','建筑工程类','13197063349','高工',3),(51,'市水利规划设计院','彭有义','','13971701026/8356645-5858','高工',3),(52,'市卫校','姚保民','建筑工程类','13197088771','工程师',3),(53,'东方设计院','戴东元','','3886236','高工',3),(54,'黄冈市水利局','万志炎','建筑工程类','8988669','高级工程师',3),(55,'黄冈市图审办','马忠红','','3601566','工程师',3),(56,'市教育局','何雁元','建筑工程类','13508657659','工程师',3),(57,'鄂东职院  建筑设计系','黄友军','','13476655831','',3),(58,'黄冈市设计院','高锡满','','8550010','工程师',3),(59,'市公安局','陆天红','','13593656868','高级工程师',3),(60,'长安建筑公司','张明','','13307258777','工程师',3),(61,'一建公司','胡良富','','8995181','高级工程师',3),(62,'永兴造价咨询','吴三高','建筑工程类','13508658490','工程师/造价师',3),(63,'黄州区水利局','易淑梅','建筑工程类','13907258131','水利工程师',3),(64,'黄冈市水利水电规划设计院','陈  霞','水利工程类','3889107','高级经济师',3),(65,'黄冈市环保局科研所','汪社伦','建筑工程类','8385751、13871998216','高级工程师',3),(66,'黄冈市环卫局','肖仕祥','建筑工程类','8369756','工程师',3),(67,'黄冈市环卫局','徐建新','建筑工程类','8353513、13986568678','工程师',3),(68,'黄冈市建委','毛  新','建筑工程类','8586989','会计师',3),(69,'水利设计院','齐火生','水利工程类','8807915','高级工程师',3),(70,'中江设计院','余仲兵','建筑工程类','13508658270','建造师',3),(71,'市建设工程造价管理站','夏国银','土方吹填类','18971701699','高级工程师',3),(72,'水利监理公司','唐进兵','水利工程类','13337430868','工程师',3),(73,'湖北亚太监理公司','张杰松','建筑工程类','8813369','工程监理师',3),(74,'市建设工程安全管理站','高秀川','土方吹填类','13972718099','工程师',3),(75,'湖北中南监理公司','陈少平','建筑工程类','15971329999','工程师',3),(76,'湖北东晟监理公司','陈  侠','建筑工程类','13636071111','工程师',3),(77,'湖北东晟监理公司','李  力','建筑工程类','13907257739','监理师',3),(78,'湖北东晟监理公司','徐长友','建筑工程类','13477633555','工程师',3),(79,'黄冈市质检局','权新洲','建筑工程类','13908680135','建造师',3),(80,'市水政监察支队','童光幼','土方吹填类','13607255867','工程师',3),(81,'市土地整理中心','吕  凯','农田土地类','13907258515','高工',3),(82,'市国土局','晏永康','农田土地类','15172415388','高工',3),(83,'市国土局','周世焱','农田土地类','13597556208','工程师',3),(84,'市国土局','李小林','农田土地类','13217132212','工程师',3),(85,'市土地整理中心','吴良初','农田土地类','13986526794','工程师',3),(86,'市土地交易中心','童吉翔','市政工程类','13409955077','高工',3),(87,'市土地交易中心','宋一之','市政工程类','13087259790','助工',3),(88,'市城投公司','王  坚','市政工程类','8985762','高工',3),(89,'市城投公司','李君义','市政工程类','13635853521','工程师',3),(90,'城投公司','王坚','土方吹填类','18995762888','高级工程师',3),(91,'市建设工程质量监督站','胡钢','土方吹填类','13197056789','高级工程师',3),(92,'市规划局','方俊','','13409973666','高工',3),(93,'市自来水公司','帅杰华','','8355913/13317253119','总工',3),(94,'武汉市园林局','陈昌','亮化工程类','86783468/13807154583','高工',3),(95,'湖北永兴造价咨询','吴海','装饰工程类','13508658490','工程师',3),(96,'黄冈职院','邵志刚','装饰工程类','13972718162','高级工程师',3),(97,'湖北宏鑫','孙黄林','','','二级建造师',3),(98,'湖北大鹏造价','易松涛','','','注册造价师',3),(99,'湖北永兴','汪强','','','注册造价师',3),(100,'湖北大鹏工程咨询有限公司','程钧','亮化工程类','13237227997','助理工程师',3),(101,'','魏国艳','亮化工程类','13707184146','工程师',3),(102,'黄冈电台','胡子德','亮化工程类','15571386611','工程师',3),(103,'黄冈市环保科研所','徐红','设计类','13636062759','副高',3),(104,'黄冈市建设委员会','夏国银','设计类','18971701699','副高',3),(105,'湖北省博物馆','李焱胜','成列展览工程类','86774882/15307150300','研究员',3),(106,'湖北省博物馆','邵佳平','成列展览工程类','86782919/13971697506','副研',3),(107,'黄冈市赤壁管理处','舒玲','成列展览工程类','8366568/18907259816','副研',3),(108,'','黄铁鸣','清淤工程类','13986526978','',3),(109,'','秦志平','','13907257826','',3),(110,'','孙自龙','','15971450199','',3),(111,'黄冈市城投公司','李君义','','13635853521','',3),(112,'黄冈职院','熊发涯','','8345236/13971712326','副教授',4),(113,'通和电脑店经理','魏茂鸿','','8354950     8988770   13907258630','网络技术工程师',4),(114,'黄冈市财政局信息中心','熊少军','','8551386、13871980699/8611725','副主任',4),(115,'鄂东职院','凌友良','','13581279678','主任',4),(116,'市社会保障局','孙明章','','13034475819/8662989','主任',4),(117,'湖北省环境保护信息中心','邓卓飞','','027-87168600','高级工程师',4),(118,'市财政局','董正高','','3680901、13907257053','正高级讲师',4),(119,'黄冈职业技术学院','操惊雷','','8580198/8345155','工程师',4),(120,'黄冈市委党校','彭  勇','','8385324\\8892810、13476763889','高工',4),(121,'鄂东职业技术学院　信息中心','许元朋','','8833256\\15971398877','高工',4),(122,'黄州中学','熊卜光','','13476575191','中级',4),(123,'黄冈市政府办公室','王  昕','','8618819/13227338235','',4),(124,'黄冈市社保局计算机中心','袁晓文','','8695190、13034493104','',4),(125,'黄冈工业学校','张    鑫','','','高级讲师',4),(126,'市政府办','杨雄飞','','8618819、8808555\\13337458666\\18907255666','工程师',4),(127,'市农业局','冯  军','','8981432、13871993077、8364238','',4),(128,'黄冈市交通局','李  健','','13972719955','',4),(129,'工程师','陈宏华','','8981234','电信 ',4),(130,'财政局','何  剑','','13607258139','会计师',4),(131,'鄂东职院','陈华新','','8833198、13508659434、13635863414','高级程序员、中级讲师',4),(132,'鄂东职院','张朝阳','','8589900','主任',4),(133,'国税局','沈    胜','','13607255889','网络技术工程师',4),(134,'电信','占    伟','','8980019','网络技术工程师',4),(135,'鄂东职院','王建宇','','8833198/13034481616','副教授',4),(136,'工程师','蒋明凤','','8991443','建行',4),(137,'高工','李红玲','','8826035/8554181','建行',4),(138,'市工商局','聂文明','','8666110/13872039315','网管',4),(139,'区财政局信息中心主任','夏三桂','','3885599','会计师、程序员',4),(140,'市审计局信息中心','张广林','','13339959821','',4),(141,'鄂东职院技术学院','江 欢','','13476641789','助教',4),(142,'高级技工学校（教务科长）','徐和清','','8386007  13986568873 ','讲师',4),(143,'市工行','叶绿','','8983275','',4),(144,'鄂东职院经贸电子商务、物流','刘智雄','','134877038887','讲师（软件）',4),(145,'鄂东职院经贸电子商务','冯小勇','','15807257281','讲师（软件）',4),(146,'鄂东职院经贸市场营销','胡栾','','13971710669','讲师（软件）',4),(147,'鄂东职院经贸市场营销','李乐芝','','13508659434','讲师（软件）',4),(148,'鄂东职院经贸国际贸易','张芬','','13636009933','讲师（软件）',4),(149,'鄂东职院经贸会计、会计电算化','吴喜元','','13971705660','讲师（软件）',4),(150,'鄂东职院经贸系','殷晓红','','8833268','高级讲师（软件）',4),(151,'市交通局','李剑','','8821328/13972719955','工程师',4),(152,'黄冈市公安局','吴晓春','','8832141','工程师',4),(153,'鄂东职院','江欢','','13476641789','助教',4),(154,'鄂东职院','陈华松','','13635863414','高讲',4),(155,'市民宗局','李成俊','','15907257156','',4),(156,'省制冷协会空调咨询部','张定国','','13907235015','高级工程师',5),(157,'黄冈职院','邵志刚','','13972718162','制冷专业     讲师',5),(158,'省制冷协会','卢恩平','','13907183959','高级工程师',5),(159,'黄冈高级技工学校','陈 林','','8586072/13034463378','高工',5),(160,'黄冈市质量监督局','潘朝晖','','8539569','高工',5),(161,'鄂东职业技术学院','丁如春','','13871992777','高工',5),(162,'黄冈特检所','周金开','','13871950878','工程师',6),(163,'黄冈特检所','戴所长','','13907258255','工程师',6),(164,'黄冈特检所','陈所长','','13636000893','高级工程师',6),(165,'黄冈市特种设备检验所','陈晓雄','','8385592　13636000893','高工副所长',6),(166,'黄冈市特种设备检验所','将宝山','','8365161     3689890','高工',6),(167,'黄冈市特种设备检验所','李建平','','8385592    13986526897','助工',6),(168,'市特种设备检验所','华军','','8368306/13636000518','工程师',6),(169,'鄂州市','肖　楚','','13908689203','工程师',6),(170,'鄂州市','李　嵩','','13908681990','工程师',6),(171,'省电梯专家','毛怀新','','13971258393   027-87821939（宅）','',6),(172,'药监局','吴克和','','13871996316','高工',7),(173,'疾控中心','邵百万','','8986929','副主任技师',7),(174,'医药品检验所','孙金明','','8357230','副主任医师',7),(175,'市疾控中心','雷人民','','8388026','主任技师',7),(176,'市妇幼保健院','童  燕','化验','13197088506    8381515','副主任',7),(177,'市一医院','李  炎','化验','8547668  8625075','',7),(178,'','蓝科长','净化','13995813676','',7),(179,'浠水县人民医院','赵华军','CR','13636003638','主治医师',7),(180,'市妇','张　玲','人流机','8987900','',7),(181,'三医院','叶　红','人流机','13476778374','',7),(182,'黄冈市妇幼保健院','程锦梅','骨强度仪','13995932046\\8381917','',7),(183,'黄冈市妇幼保健院','张志雄','骨强度仪','8383521','',7),(184,'','周华斌','骨强度仪','13971712366','',7),(185,'市第一人民医院','姚正国','细胞单采机','8987786  8625094','',7),(186,'黄冈市中心血站','刘朋来','细胞单采机','18986552386\\8353567','',7),(187,'黄冈市中心血站','秦红伟','细胞单采机','8995958','',7),(188,'黄冈市人民医院','张　平','设备科','8625394','',7),(189,'黄冈市妇幼保健院','涂仲良','CIU呼吸机','13871991027  8666011','',7),(190,'药监局','王遂成','','15629610668  8389120','',7),(191,'市第一人民医院','邱  斌','呼吸机','13871991027',' ',7),(192,'市第一人民医院','饶柏林','呼吸机','13807259225','',7),(193,'市第一人民医院','陈国强','检验科','13636023764  8625094','',7),(194,'三医院','刘春美','检验科','15307250011  8662154','',7),(195,'黄冈市中心血站','何争荣','检验科','13971713558','',7),(196,'黄冈市妇幼保健院','肖国涛','','13971713073','',7),(197,'黄州区人民医院','姚念章','设备科','3885992','',7),(198,'市惠民医院','曾华','彩超、CR','13986556536    8109530','主任医师（院长）',7),(199,'黄冈市临床检验中心','周剑涛','生化分析仪','13971712827   8109530','主任技师',7),(200,'黄冈市疾控中心','潘成巧','','13034462466','',7),(201,'三医院','陈刚','彩超','13477612108','',7),(202,'中心医院','刘主任','彩超','13972748510','',7),(203,'区财政','方文红','','13972743330','',7),(204,'','毛伟明','','8625813   13907258762','主任医师',7),(205,'三医院','潘立新','胃镜','15571368685','',7),(206,'区人民医院','周飞','胃镜','3885992','',7),(207,'县人民医院','董主任','妇科','13971705769','',7),(208,'县人民医院','张小梅','妇科','13986510783','',7),(209,'市妇幼','王桂元','彩超','13607256152','副主任医师',7),(210,'市中心医院','汪灯发','全自动免疫发光分析系统','8625110/15971385109','',7),(211,'市妇幼保健院','童燕','全自动免疫发光分析系统','8381515/13197088506','',7),(212,'黄冈中心血站','刘朋来','全自动免疫发光分析系统','8353567/18986552826','中级',7),(213,'市妇幼保健院','方波涛','','8381451/13971713073','中级',7),(214,'市二医院','刘丽','','8895926','高级',7),(215,'市卫生学校','张权焱','心脏射频消融仪','8368126/13476655644','主任医师',7),(216,'市中心医院','倪斌','心脏射频消融仪','13409925966','副主任医师',7),(217,'市中心医院','王树平','高效液相色谱分析仪','8625264','主任医师',7),(218,'市中心医院','王伟明','进口腹腔镜','8625813/13907258762','主任医师',7),(219,'市一医院','刘亚平','彩超','13972748510','副主任医师',7),(220,'中医院','周云萍','彩超','13995939123','主治医生',7),(221,'市质监局','夏国斌','彩超','8386447/8898739','工程师',7),(222,'市物价局','袁友清','彩超','8388152/13971700177','经济师',7),(223,'黄冈市中心医院','李超英','手术显微','3883888','副高',7),(224,'市中心医院','黄明火','手术显微','','正高',7),(225,'黄冈市中心医院','姚振国','手术显微','8625094/8987786','副高',7),(226,'黄冈市中医院','徐立军','内镜','13995935829','副主任医师',7),(227,'鄂州市中心医院','杜植三','内镜','13986406991','主任医师',7),(228,'鄂州市中心医院','陈文习','内镜','0711-3201954/13871839217','副主任医师',7),(229,'鄂东职院','凌友良','','8835788/13581279678','高工',8),(230,'鄂东职院','殷晓红','','8833268','高讲',8),(231,'鄂东职院','吴毅','','8833268','讲师',8),(232,'湖北康友医用器材公司','马超','模具','13227376588','',9),(233,'湖北黄冈高级技校','陶文革','模具','8386442/13092739736','',9),(234,'湖北黄州理工中专','叶兰奇','模具','8352770/13872039347','',9),(235,'鄂东职院','熊光荣','公路养护','13607255728','',9),(236,'麻城公路段','熊燕高','公路养护','13972731988','',9),(237,'黄冈职院','戴胜坤','公路养护','13871999399','',9),(238,'湖北彤鑫公司','欧阳军','车床','3848189  8392515   13871981626','工程师',10),(239,'黄冈职院','方  伟','车床','13339959089\\0713-8345121','',10),(240,'黄冈高级技工学校','徐志高','车床','0713-8386442','',10),(241,'黄冈职院','陈泽英','车床','13339951336\\0713-8345120','',10),(242,'黄冈市质监局','李　宁','发电机组','3888622','',10),(243,'黄冈职院','戴胜昆','发电机组','13871999399','',10),(244,'黄冈市特种设备检验所','陈晓雄','锅炉','13636000893','',10),(245,'','李建平','锅炉','13986526897','',10),(246,'鄂东职院（机械系主任）','熊光荣','机械','13607255728','',10),(247,'高级技工学校','胡明春','机械','13117089958','',10),(248,'','谭庆林','汽车','13476676338 8384444','评估师',10),(249,'大修厂','殷善虎','','13871991641','机械师',10),(250,'黄冈市路灯局','胡邵雄','高低压配电\\','13986566662','工程师',10),(251,'市中心医院','秦宏亮','电力电器','8808700','高级技师',10),(252,'黄冈市公路局','李宪章','','13972754530','高级机械工程师',10),(253,'麻城市公路段','熊燕高','','13972731988','高级机械工程师',10),(254,'区公路段','余会兵','','13476749666、8385893','工程师',10),(255,'区公路段','彭以军','','8891908','工程师',10),(256,'区公路段','王建','','13972708897','工程师',10),(257,'市建设委员会','毛新','','8367038/13581238883','工程师',10),(258,'鄂东职院','张鸣','','8833926/13409724846','副教授',10),(259,'黄冈海力士电气','余款田','','8387613/13907259611','经济师',10),(260,'鄂东职院','周续国','','8833629/13117071032','高级讲师',10),(261,'鄂东职院机电系','余贵','','8835168/13807257748','高级讲师',10),(262,'黄冈职业技术学院','倪涛','','13636070450','高级工程师',10),(263,'黄冈职业技术学院','邵志刚','','13972718162','工程师',10),(264,'黄冈市质监局','李宁','','13636133857','中级工程师',11),(265,'鄂东职院','吴国平','','','高级',11),(266,'黄冈高级技校','陈林','','13034463378','高讲',11),(280,'湖北黄冈卫生学校','徐志友','','8109533    13085213849','副高',12),(281,'黄冈职业技术学院','许文彬','','8891907叶、8891939  13807257596','副高',12),(282,'黄冈市质量监督局','黄  麟','','8382474    13329946118','助工',12),(283,'鄂东职业技术学院','吴国平','','13085229513','后勤总管',12),(284,'鄂东职院','程小祥','学习用品','8847012','科员',12),(285,'鄂东职院','施白荣','学习用品','8898298','院长助理',12),(286,'鄂东职院','陈世辉','学习用品','13871995368','处长',12),(287,'印刷厂','贡维禄','学习用品','15971399038','厂长',12),(288,'市药检所','何禹平','','13972718837','副所长（主管药师）',12),(289,'区装备办','何军','','8983705','',12),(290,'市林业局','童仕彬','','13971700157、8353445','高工',13),(291,'赤壁公园','李艺峰','','3690308','园艺师',13),(292,'市园林局','李应明','','8690682、8896860、8593860','',13),(293,'区林业局','丰科长','','8354635、8989819、1340976667','',13),(294,'市林业局','张 武','','13597552313','高工',13),(295,'市园林局','孙菊姣','','8991396','',13),(296,'市林业局','钟诚','','13971999179 8823285','工程师',13),(297,'市财政局','易正球','','13871995876','工程师',13),(298,'区林业局','丰解涛','','13636133636','工程师',13),(299,'','余志豪','','13871982268','工程师',13),(300,'黄冈市森防站','冯展翔','林业除虫','8351465/13409865612','站长',13),(301,'黄冈市公安局','李跃明','林业除虫','3681922','',13),(302,'黄冈市高级技校','杨雄','林业除虫','13409868048','',13),(303,'黄冈市审计局','张广林','','13339959821','',14),(304,'市政府办','杨雄飞','','8618819、8808555\\13337458666','工程师',14),(305,'蕲春地税局','余东泽','','13972753266','',14),(306,'鄂东职院　计算机系','刘智能','','13636029130','',14),(307,'鄂东职院','蔡士农','','13607258128','',14),(308,'黄冈市质监局(电子产品)','陈    静','','13971711818','工程师',14),(309,'黄冈电信','周 雄','','8980631','高级主管',15),(310,'黄冈电视台','操国强','','8812428、13907257915','工程师',15),(311,'黄冈市公安局','徐建国','','8980766','工程师',15),(312,'','孟  雪','','','',15),(313,'市公安局交警支队','聂汉威','','13508658666','工程师',15),(314,'鄂州市交警支队','徐亚平','','0711-3752833/13092716668','',15),(315,'武汉理工大交通工程中心','傅新平','','13908634190','主任、教授',15),(316,'武汉理工大自动化研究所','袁佑新','','13807132942','所长',15),(317,'武汉理工大自动化研究所','胡荣强','','13618627801','',15),(318,'武汉理工大自动化研究所','张寿文','','027-62663856','',15),(319,'市环保局污控管科','郭　强','','13871999555','',16),(320,'市环保局污控管科','周科长','','3680330、13995948239','',16),(321,'市环保局','王　兵','','3681210、13871982538','总工程师',16),(322,'湖北师范学院','余中山','','13707234082','副教授',16),(323,'黄石环境监测站','谢志勇','','13707238026','教授',16),(324,'黄冈市环保局科研所','汪社伦','','8553986  13409676360','高级工程师 ',16),(325,'黄冈市检察院','邹才发','','8363073     13986558638','工程师',16),(326,'黄冈市环卫局','徐建新','','    8353513    13986568678 ','工程师',16),(327,'黄冈市环卫局','肖仕祥','','8369756','工程师',16),(328,'黄州区水利局','孙楚寅','','13607258060\\8352134','',17),(329,'黄冈市自来水公司','张可立','','13339951139\\8355913','',17),(330,'市质检所(管材)','何新安','','13607258593','',17),(331,'巴河水利管理站站厂','陈华斌','','13972708660','',17),(332,'黄州区水利局','周建勋','','13986519893/8120508','',17),(333,'黄州区政协','胡剑彪','','13636000199\\8352273','',17),(334,'黄州区财政局','谌才发','','13907257325\\8353356','',17),(335,'黄冈电视台','夏卫兵','','13581273267\\8811278','工程师',18),(336,'黄冈电视台','陈志刚','','13597609381','工程师',18),(337,'黄冈电视台','李晓东','','13972719021','工程师',18),(338,'质量技术监督局','陈静','','13971711818','',18),(339,'黄冈市路灯局','胡邵雄','','13986566662','工程师',18),(340,'黄冈电视台','张    斌','','','导演',18),(341,'路灯局','尹祚洪','电缆','13972720826','工程师',18),(342,'','徐晓燕','','3607205','',18),(343,'黄冈市质监局（消防产品）','陈建兵','','13986560909','',19),(344,'消防支队','王成平','','13339958568','',19),(345,'消防支队','熊涛','','13339977733','',19),(346,'湖北中大商新包装材料公司','符毅','','13907258433','高级',20),(347,'湖北师院 应化学院','赵胜芳','','8872689','教授',20),(348,'黄冈师院　　化学实验室','莫小曼','','8982366','',20),(349,'黄冈市土地勘测规划设计院','余荒良','','13607257159','高工（院长）',21),(350,'黄冈市国土局国土资源科','陈宇鸿','','13907257899','高工（科长）',21),(351,'黄商集团计算机信息中心','尹 鹏','','13972719788','工程师',22),(352,'市政协行政副科长','陶小平','','13307258700','',23),(353,'市大行政办主任','王秋华','','8366132','',23),(354,'黄冈市质监局','王国平','','13807257909','副 所长（助工）',23),(355,'黄冈市公安局','曾庆松','','13971703399','后勤科（副科长）',23),(356,'黄冈市质量监督局','黄  麟','','8382474    13329946118','助工',23),(357,'黄冈市体育局','陈科长','','13871998136','',24),(358,'黄冈市体育局','张建军','','13339962757\\8813473','副高（科长）',24),(359,'鄂东职院','张建斌','','15971402566','副高',24),(360,'','徐健南','','8833766/13972702811','副高',24);
/*!40000 ALTER TABLE `expert` ENABLE KEYS */;
UNLOCK TABLES;

--
-- Table structure for table `log`
--

DROP TABLE IF EXISTS `log`;
SET @saved_cs_client     = @@character_set_client;
SET character_set_client = utf8;
CREATE TABLE `log` (
  `id` bigint(20) NOT NULL auto_increment,
  `detail` varchar(255) default NULL,
  `ip` varchar(255) default NULL,
  `logAction` varchar(255) default NULL,
  `logObject` varchar(255) default NULL,
  `logTime` datetime default NULL,
  `username` varchar(255) default NULL,
  PRIMARY KEY  (`id`)
) ENGINE=InnoDB DEFAULT CHARSET=utf8;
SET character_set_client = @saved_cs_client;

--
-- Dumping data for table `log`
--

LOCK TABLES `log` WRITE;
/*!40000 ALTER TABLE `log` DISABLE KEYS */;
/*!40000 ALTER TABLE `log` ENABLE KEYS */;
UNLOCK TABLES;

--
-- Table structure for table `privilege`
--

DROP TABLE IF EXISTS `privilege`;
SET @saved_cs_client     = @@character_set_client;
SET character_set_client = utf8;
CREATE TABLE `privilege` (
  `id` bigint(20) NOT NULL auto_increment,
  `privCode` varchar(255) default NULL,
  `privName` varchar(255) default NULL,
  `parent_Id` bigint(20) default NULL,
  PRIMARY KEY  (`id`),
  KEY `FKA1FAF6B12A95D88A` (`parent_Id`),
  CONSTRAINT `FKA1FAF6B12A95D88A` FOREIGN KEY (`parent_Id`) REFERENCES `privilege` (`id`)
) ENGINE=InnoDB AUTO_INCREMENT=17 DEFAULT CHARSET=utf8;
SET character_set_client = @saved_cs_client;

--
-- Dumping data for table `privilege`
--

LOCK TABLES `privilege` WRITE;
/*!40000 ALTER TABLE `privilege` DISABLE KEYS */;
INSERT INTO `privilege` VALUES (1,'systemManage','系统管理',NULL),(2,'userQuery','用户管理',1),(3,'roleQuery','角色管理',1),(4,'privilegeQuery','权限管理',1),(5,'userEdit','编辑用户',2),(6,'userAdd','添加用户',2),(7,'userDelete','删除用户',2),(8,'grantRole','授予角色',2),(9,'privilegeAdd','添加权限',4),(10,'privilegeEdit','编辑权限',4),(11,'privilegeDelete','删除权限',4),(12,'roleAdd','添加角色',3),(13,'roleEdit','编辑角色',3),(14,'roleDelete','删除角色',3),(15,'grantPriv','授予权限',3),(16,'userLock','锁定/解锁用户',2);
/*!40000 ALTER TABLE `privilege` ENABLE KEYS */;
UNLOCK TABLES;

--
-- Table structure for table `role`
--

DROP TABLE IF EXISTS `role`;
SET @saved_cs_client     = @@character_set_client;
SET character_set_client = utf8;
CREATE TABLE `role` (
  `id` bigint(20) NOT NULL auto_increment,
  `common` tinyint(1) default NULL,
  `remarks` varchar(255) default NULL,
  `roleName` varchar(255) default NULL,
  PRIMARY KEY  (`id`),
  UNIQUE KEY `roleName` (`roleName`)
) ENGINE=InnoDB AUTO_INCREMENT=2 DEFAULT CHARSET=utf8;
SET character_set_client = @saved_cs_client;

--
-- Dumping data for table `role`
--

LOCK TABLES `role` WRITE;
/*!40000 ALTER TABLE `role` DISABLE KEYS */;
INSERT INTO `role` VALUES (1,0,'拥有所有权限','超级管理员');
/*!40000 ALTER TABLE `role` ENABLE KEYS */;
UNLOCK TABLES;

--
-- Table structure for table `role_privilege`
--

DROP TABLE IF EXISTS `role_privilege`;
SET @saved_cs_client     = @@character_set_client;
SET character_set_client = utf8;
CREATE TABLE `role_privilege` (
  `role_id` bigint(20) NOT NULL,
  `privilege_id` bigint(20) NOT NULL,
  PRIMARY KEY  (`role_id`,`privilege_id`),
  KEY `FK45FBD6288B78A351` (`role_id`),
  KEY `FK45FBD628831A5923` (`privilege_id`),
  CONSTRAINT `FK45FBD628831A5923` FOREIGN KEY (`privilege_id`) REFERENCES `privilege` (`id`),
  CONSTRAINT `FK45FBD6288B78A351` FOREIGN KEY (`role_id`) REFERENCES `role` (`id`)
) ENGINE=InnoDB DEFAULT CHARSET=utf8;
SET character_set_client = @saved_cs_client;

--
-- Dumping data for table `role_privilege`
--

LOCK TABLES `role_privilege` WRITE;
/*!40000 ALTER TABLE `role_privilege` DISABLE KEYS */;
INSERT INTO `role_privilege` VALUES (1,1),(1,2),(1,3),(1,4),(1,5),(1,6),(1,7),(1,8),(1,9),(1,10),(1,11),(1,12),(1,13),(1,14),(1,15),(1,16);
/*!40000 ALTER TABLE `role_privilege` ENABLE KEYS */;
UNLOCK TABLES;

--
-- Table structure for table `user`
--

DROP TABLE IF EXISTS `user`;
SET @saved_cs_client     = @@character_set_client;
SET character_set_client = utf8;
CREATE TABLE `user` (
  `id` bigint(20) NOT NULL auto_increment,
  `lastTime` datetime default NULL,
  `locked` tinyint(1) default NULL,
  `lockedTime` datetime default NULL,
  `loginFrequency` bigint(20) default NULL,
  `password` varchar(255) default NULL,
  `truename` varchar(255) default NULL,
  `type` bigint(20) default NULL,
  `username` varchar(255) default NULL,
  PRIMARY KEY  (`id`),
  UNIQUE KEY `username` (`username`)
) ENGINE=InnoDB AUTO_INCREMENT=2 DEFAULT CHARSET=utf8;
SET character_set_client = @saved_cs_client;

--
-- Dumping data for table `user`
--

LOCK TABLES `user` WRITE;
/*!40000 ALTER TABLE `user` DISABLE KEYS */;
INSERT INTO `user` VALUES (1,'2010-04-09 22:08:00',0,'2010-04-09 21:01:00',9,'admin','超级管理员',0,'admin');
/*!40000 ALTER TABLE `user` ENABLE KEYS */;
UNLOCK TABLES;

--
-- Table structure for table `user_role`
--

DROP TABLE IF EXISTS `user_role`;
SET @saved_cs_client     = @@character_set_client;
SET character_set_client = utf8;
CREATE TABLE `user_role` (
  `user_id` bigint(20) NOT NULL,
  `role_id` bigint(20) NOT NULL,
  PRIMARY KEY  (`user_id`,`role_id`),
  KEY `FK143BF46A30A36731` (`user_id`),
  KEY `FK143BF46A8B78A351` (`role_id`),
  CONSTRAINT `FK143BF46A30A36731` FOREIGN KEY (`user_id`) REFERENCES `user` (`id`),
  CONSTRAINT `FK143BF46A8B78A351` FOREIGN KEY (`role_id`) REFERENCES `role` (`id`)
) ENGINE=InnoDB DEFAULT CHARSET=utf8;
SET character_set_client = @saved_cs_client;

--
-- Dumping data for table `user_role`
--

LOCK TABLES `user_role` WRITE;
/*!40000 ALTER TABLE `user_role` DISABLE KEYS */;
INSERT INTO `user_role` VALUES (1,1);
/*!40000 ALTER TABLE `user_role` ENABLE KEYS */;
UNLOCK TABLES;
/*!40103 SET TIME_ZONE=@OLD_TIME_ZONE */;

/*!40101 SET SQL_MODE=@OLD_SQL_MODE */;
/*!40014 SET FOREIGN_KEY_CHECKS=@OLD_FOREIGN_KEY_CHECKS */;
/*!40014 SET UNIQUE_CHECKS=@OLD_UNIQUE_CHECKS */;
/*!40101 SET CHARACTER_SET_CLIENT=@OLD_CHARACTER_SET_CLIENT */;
/*!40101 SET CHARACTER_SET_RESULTS=@OLD_CHARACTER_SET_RESULTS */;
/*!40101 SET COLLATION_CONNECTION=@OLD_COLLATION_CONNECTION */;
/*!40111 SET SQL_NOTES=@OLD_SQL_NOTES */;

-- Dump completed on 2010-04-13  9:36:54
